5449.934;0.420852608;0.877663133;0.396022533;0.586122078
5451.862;0.419375927;0.877856887;0.395970309;0.587524744
5453.791;0.418007467;0.877914194;0.396702938;0.588496892
5455.719;0.416662786;0.878041638;0.397860048;0.588936328
5457.647;0.415400714;0.877958012;0.398574588;0.590811929
5459.576;0.414187981;0.87821589;0.400033;0.5912798
5461.505;0.41293848;0.878760576;0.401259041;0.590745819
5463.433;0.411852632;0.878906164;0.401520154;0.591933921
5465.362;0.410816566;0.879020996;0.402095234;0.593803426
5467.29;0.409837634;0.87935296;0.403102946;0.595344441
5469.219;0.408881679;0.879858261;0.403748852;0.596719851
5471.147;0.408033928;0.87967824;0.403745065;0.598474958
5473.076;0.407252557;0.879397052;0.405092733;0.598828653
5475.004;0.406363099;0.880116214;0.407207844;0.597894485
5476.933;0.405547045;0.880757797;0.406896823;0.60176637
5478.861;0.404908979;0.881044212;0.406787577;0.605440812
5480.79;0.404237392;0.881244841;0.407594241;0.606495909
5482.718;0.40364843;0.881408341;0.408269878;0.607719936
5484.646;0.40308529;0.881414165;0.409148183;0.609399886
5486.575;0.40257085;0.881541083;0.410357479;0.610854174
5488.503;0.402058163;0.881725604;0.411380688;0.611867684
5490.432;0.401590509;0.881713374;0.411999264;0.612913291
5492.361;0.401094874;0.882294051;0.413382389;0.612529872
5494.289;0.400664488;0.882836515;0.41321645;0.615019294
5496.218;0.400327739;0.882990602;0.41272196;0.618940945
5498.146;0.39998793;0.883329758;0.41358824;0.62007675
5500.075;0.39966408;0.883619108;0.413920087;0.620855112
5502.003;0.399384371;0.883851032;0.414286438;0.621595186
5503.932;0.399127009;0.884017664;0.41494326;0.622386991
5505.86;0.398874278;0.884250089;0.415726561;0.623565483
5507.789;0.398625883;0.884723195;0.416549978;0.623987628
5509.717;0.398420044;0.885129785;0.416351288;0.625144095
5511.646;0.398248881;0.885378267;0.416310984;0.625985948
5513.574;0.398099652;0.885561795;0.416802951;0.62665171
5515.502;0.397953612;0.885873793;0.417535259;0.627320876
5517.431;0.397818031;0.886201797;0.417849698;0.628372185
5519.36;0.397705869;0.886436863;0.41803017;0.629051972
5521.288;0.397600342;0.886762704;0.418663339;0.628779897
5523.217;0.397504739;0.887113558;0.41883796;0.629746695
5525.145;0.397422964;0.88740209;0.418842034;0.631973923
5527.074;0.397361583;0.887692172;0.419242886;0.633249233
5529.002;0.397308444;0.887975597;0.419578274;0.633909241
5530.931;0.397257662;0.888256747;0.419928441;0.634291888
5532.859;0.397215109;0.888504927;0.420379792;0.635291794
5534.788;0.397178359;0.888768775;0.420952116;0.636687477
5536.716;0.397138987;0.889108211;0.421537587;0.637980529
5538.645;0.397098661;0.889459588;0.42162767;0.63934824
5540.573;0.397069506;0.88974782;0.421796179;0.640441955
5542.501;0.397043138;0.889999798;0.422206299;0.641581282
5544.43;0.397014239;0.890251752;0.422619959;0.643471759
5546.358;0.396985832;0.890499173;0.423126828;0.645073741
5548.287;0.396949857;0.890751479;0.423590075;0.646085732
5550.216;0.396909378;0.890981954;0.423994595;0.646831331
5552.144;0.396861414;0.891208507;0.424455138;0.647852041
5554.073;0.396803484;0.891477297;0.424734867;0.649634116
5556.001;0.39674078;0.891724315;0.424977156;0.651427421
5557.93;0.39667115;0.891941672;0.425208553;0.652397066
5559.858;0.396594376;0.892156603;0.425510629;0.652753815
5561.787;0.396504772;0.89235564;0.42584551;0.653245611
5563.715;0.396403239;0.892563086;0.426173671;0.654271214
5565.644;0.396285899;0.892752744;0.426491173;0.655162386
5567.572;0.396151125;0.892937711;0.426738419;0.655520185
5569.5;0.396001817;0.893119496;0.427020674;0.655259374
5571.429;0.395832601;0.893281273;0.427239975;0.655389169
5573.357;0.395648479;0.89344989;0.427490469;0.656094344
5575.286;0.395445184;0.893604156;0.427730821;0.656830745
5577.214;0.39522017;0.893752817;0.427925972;0.657066949
5579.143;0.394973996;0.893895584;0.428168344;0.656869391
5581.072;0.394703877;0.894020827;0.428399274;0.657026842
5583;0.394410339;0.8941432;0.428606097;0.657934175
5584.929;0.394091409;0.894263026;0.428830594;0.659079803
5586.857;0.393746854;0.89439158;0.429054371;0.65979793
5588.786;0.393378667;0.894514481;0.429291384;0.660125733
5590.714;0.392978826;0.89463766;0.429532866;0.660784272
5592.643;0.392554308;0.894760428;0.429768524;0.662289756
5594.571;0.392103313;0.894850669;0.430068798;0.664043006
5596.5;0.391616193;0.894951954;0.430359531;0.665490972
5598.428;0.39110067;0.895065072;0.430648463;0.666587562
5600.356;0.390555466;0.89514873;0.430997602;0.668026934
5602.285;0.389979605;0.895226794;0.431369454;0.670203162
5604.213;0.389362933;0.895315266;0.431723945;0.672915262
5606.142;0.388715255;0.895410136;0.432102334;0.675406034
5608.07;0.388040189;0.895495395;0.432537044;0.67743526
5609.999;0.387329129;0.895597074;0.433029311;0.679729066
5611.928;0.386587672;0.895688889;0.433598815;0.682807667
5613.856;0.385810005;0.895765128;0.434167584;0.686306651
5615.785;0.384992033;0.895866206;0.43474384;0.689668282
5617.713;0.384144247;0.895948001;0.435375894;0.692605466
5619.642;0.383262824;0.896019208;0.436046128;0.695678102
5621.57;0.382344814;0.896100425;0.436764574;0.699475421
5623.499;0.381389786;0.896183891;0.437491061;0.703856325
5625.427;0.380402347;0.896269095;0.438248994;0.707982062
5627.355;0.379383427;0.896341578;0.439080482;0.711617416
5629.284;0.378330965;0.896414546;0.439951075;0.715331084
5631.212;0.377242529;0.896498072;0.440867488;0.719805186
5633.141;0.376121388;0.896572648;0.441841053;0.724831567
5635.069;0.37496943;0.896647722;0.442880948;0.729685264
5636.998;0.373786605;0.896717664;0.444000384;0.734172593
5638.926;0.372568822;0.896781419;0.445172945;0.738919213
5640.855;0.37132322;0.896877296;0.446399667;0.744613037
5642.784;0.370048395;0.896968569;0.447711127;0.751276383
5644.712;0.368746534;0.897060175;0.449085642;0.758391619
5646.641;0.367415368;0.897155405;0.450530809;0.765789755
5648.569;0.366056523;0.897245927;0.452019837;0.774122993
5650.498;0.364673122;0.897342479;0.453600571;0.784164417
5652.426;0.363264806;0.897424889;0.455237905;0.795863395
5654.354;0.361833355;0.897511409;0.456901843;0.808446652
5656.283;0.360380696;0.897598662;0.458626199;0.821188792
5658.211;0.358905741;0.897679233;0.460386526;0.833961035
5660.14;0.357417536;0.897747456;0.462174978;0.846598105
5662.068;0.355909808;0.897805363;0.463994048;0.858301722
5663.997;0.354373094;0.897900143;0.465748391;0.867908854
5665.925;0.35282469;0.89800699;0.467435085;0.874692525
5667.854;0.351266139;0.898097104;0.469142484;0.878808198
5669.782;0.349695674;0.898186326;0.470844533;0.881240825
5671.711;0.348112847;0.898265325;0.472538906;0.882284926
5673.64;0.346518634;0.898346771;0.474224206;0.88178666
5675.568;0.344915164;0.898433739;0.475901585;0.879533085
5677.497;0.343304726;0.898530485;0.47758327;0.876168999
5679.425;0.34168699;0.898625604;0.479314208;0.872511909
5681.354;0.340063258;0.898710049;0.481094948;0.868981565
5683.282;0.33843845;0.898797134;0.482905643;0.865058946
5685.21;0.336810361;0.898877566;0.484777307;0.860452551
5687.139;0.335182168;0.898957022;0.486716482;0.855366405
5689.067;0.33355549;0.899026325;0.488731111;0.850553753
5690.996;0.33192705;0.899088622;0.490797454;0.846133673
5692.924;0.33030026;0.899164906;0.492880596;0.841759872
5694.853;0.328678857;0.899236123;0.495014193;0.836829691
5696.781;0.327063588;0.899315273;0.497208559;0.8316297
5698.71;0.32545052;0.89940069;0.499445384;0.826723017
5700.638;0.323843183;0.89948671;0.501723206;0.822492104
5702.567;0.322246862;0.899571678;0.504039464;0.818310993
5704.496;0.320657385;0.899638236;0.506402967;0.81390455
5706.424;0.319078782;0.899714612;0.508793461;0.809329693
5708.353;0.317511514;0.899788214;0.511199715;0.805371969
5710.281;0.315950813;0.8998682;0.513611109;0.802143393
5712.209;0.314402396;0.899958461;0.516002981;0.799395986
5714.138;0.312865839;0.900035517;0.51838619;0.796423058
5716.066;0.311343339;0.900114827;0.520752082;0.79352951
5717.995;0.309835223;0.900197883;0.523094102;0.79116047
5719.923;0.308339645;0.900311463;0.525414079;0.789799628
5721.852;0.306861442;0.900421592;0.527695386;0.788926955
5723.78;0.305397424;0.900519975;0.529925449;0.788301103
5725.709;0.303944532;0.90063983;0.532094715;0.788046618
5727.637;0.302507418;0.900761502;0.53417843;0.788984162
5729.566;0.301089146;0.900877611;0.536205595;0.791180615
5731.494;0.299689928;0.900983018;0.538193307;0.794219627
5733.423;0.298302982;0.901088725;0.540054999;0.797307886
5735.352;0.296934103;0.901198331;0.541802703;0.800597179
5737.28;0.295583349;0.901296833;0.543481932;0.804650005
5739.208;0.294249277;0.901395313;0.545050838;0.810100755
5741.137;0.292935613;0.901491716;0.546501983;0.816653621
5743.065;0.291636546;0.90157857;0.547828058;0.82397645
5744.994;0.290355253;0.901664165;0.548986305;0.832128065
5746.922;0.289092452;0.901747488;0.550010882;0.841734963
5748.851;0.287847142;0.901829984;0.550912937;0.853129048
5750.779;0.286620781;0.901905468;0.55165098;0.865992388
5752.708;0.285411668;0.901990788;0.552241173;0.879765931
5754.636;0.284221828;0.902087594;0.552691089;0.8945124
5756.565;0.283050076;0.902176136;0.5529801;0.910892338
5758.493;0.281896252;0.902266663;0.553131755;0.929415736
5760.422;0.280760093;0.902339866;0.553190238;0.949923483
5762.35;0.279640557;0.902416439;0.553160369;0.971806206
5764.279;0.278540907;0.902505114;0.553033107;0.994901603
5766.208;0.277458503;0.902577924;0.552838768;1.019226545
5768.136;0.276393578;0.902655339;0.5525633;1.044420744
5770.064;0.275347448;0.902737359;0.552178017;1.068849877
5771.993;0.274318941;0.902816226;0.551695014;1.090529509
5773.921;0.273306422;0.902895647;0.551077195;1.107975661
5775.85;0.272309385;0.902970024;0.550330727;1.121000523
5777.778;0.271331703;0.903049359;0.549495309;1.129738909
5779.707;0.270371135;0.903128204;0.548519107;1.134472608
5781.635;0.26942703;0.903211572;0.547432931;1.135194739
5783.564;0.26850134;0.903283302;0.546304156;1.13267632
5785.492;0.267589835;0.903336482;0.545126114;1.128001602
5787.421;0.266696008;0.903393116;0.543871142;1.122330052
5789.349;0.265818319;0.903434703;0.542564793;1.115698993
5791.278;0.264956226;0.903483104;0.541258747;1.107962315
5793.206;0.264111003;0.903518576;0.539929369;1.099128695
5795.135;0.263279915;0.903532406;0.538550393;1.090199053
5797.063;0.262465841;0.90354585;0.537123223;1.081849721
5798.992;0.261666085;0.903548604;0.535667974;1.07419417
5800.92;0.260881386;0.903553384;0.534180141;1.066416775
5802.849;0.260112348;0.903551932;0.5326583;1.058327952
5804.777;0.259356427;0.903530629;0.531116934;1.050200459
5806.706;0.258617655;0.903500468;0.529544163;1.042707153
5808.634;0.25789257;0.903457713;0.527935547;1.035555527
5810.563;0.257180515;0.903415161;0.526301999;1.028213531
5812.491;0.256483278;0.903375764;0.524675502;1.020249388
5814.42;0.255799113;0.903332492;0.523070661;1.012256306
5816.348;0.255130371;0.903297413;0.521492471;1.004782511
5818.277;0.254474089;0.903249939;0.519950487;0.997893275
5820.205;0.253830868;0.903225498;0.518442328;0.99072394
5822.134;0.253201619;0.903207415;0.51698449;0.982890174
5824.063;0.252584376;0.903166342;0.515556928;0.974716283
5825.991;0.251981572;0.90313852;0.514171152;0.967016784
5827.919;0.251389978;0.903113197;0.512847682;0.959830353
5829.848;0.250811057;0.903092808;0.51157718;0.952618553
5831.776;0.2502449;0.903074123;0.510376416;0.944880036
5833.705;0.249689706;0.903054596;0.50924125;0.937047469
5835.633;0.24914806;0.90304654;0.508203204;0.929827549
5837.562;0.248616659;0.90304493;0.507285391;0.923362161
5839.49;0.248097503;0.903058639;0.506466372;0.916967013
5841.419;0.247590603;0.903086065;0.505752621;0.91006602
5843.347;0.247093676;0.903121307;0.505148889;0.90291509
5845.276;0.246609112;0.903167936;0.504650824;0.896231816
5847.204;0.246134522;0.903205962;0.504262407;0.890219279
5849.133;0.245671696;0.903242548;0.503968345;0.884235194
5851.061;0.245219853;0.903280489;0.50379262;0.877654069
5852.99;0.244777567;0.903325467;0.5037521;0.870611626
5854.918;0.244346083;0.903384007;0.503828054;0.863827164
5856.847;0.243924022;0.903441684;0.504047751;0.857504893
5858.775;0.243513434;0.903502136;0.504372663;0.851023241
5860.704;0.243112176;0.903565385;0.504783955;0.8436063
5862.632;0.242721019;0.903629461;0.505292494;0.835327931
5864.561;0.242340561;0.903692945;0.505850536;0.826834876
5866.489;0.241968595;0.903756599;0.506423994;0.818438215
5868.417;0.241607959;0.903828127;0.506987419;0.809534656
5870.346;0.241255565;0.903895037;0.507482661;0.799412514
5872.275;0.240913113;0.903974018;0.507908032;0.788150663
5874.203;0.240580375;0.904048058;0.508266637;0.776639163
5876.132;0.240255362;0.904107815;0.508543119;0.765559802
5878.06;0.239941295;0.904175512;0.508763884;0.754723825
5879.989;0.239634996;0.904236495;0.508908993;0.743632198
5881.917;0.239337958;0.904307712;0.508994989;0.732384659
5883.846;0.239049798;0.904372108;0.50902586;0.721820295
5885.774;0.238769406;0.904427519;0.509013278;0.712574676
5887.703;0.238499335;0.904504982;0.508970525;0.704508037
5889.631;0.238236512;0.904562756;0.508885823;0.696999138
5891.56;0.23798273;0.904611644;0.508784723;0.690079951
5893.488;0.237737502;0.904673793;0.508671936;0.684374651
5895.417;0.237500095;0.90473858;0.508495204;0.680526346
5897.345;0.237272034;0.904808902;0.50826307;0.678109237
5899.273;0.237051185;0.904878343;0.507937687;0.676291119
5901.202;0.236838832;0.90495013;0.507464612;0.67440481
5903.131;0.236634597;0.905015578;0.506895396;0.672593916
5905.059;0.236437966;0.905094198;0.506168036;0.67077734
5906.988;0.236250246;0.905162704;0.50524365;0.668451126
5908.916;0.236068739;0.905222984;0.504166014;0.664620568
5910.845;0.235896155;0.905289408;0.502952899;0.659216644
5912.773;0.235731245;0.905346483;0.501546255;0.652901884
5914.702;0.23557328;0.905398168;0.499922288;0.646707234
5916.63;0.235424239;0.905435644;0.498128077;0.640688448
5918.559;0.235281304;0.90547168;0.496146193;0.634491691
5920.487;0.23514676;0.905504342;0.493974364;0.6278228
5922.416;0.23501931;0.905524606;0.491630108;0.62132668
5924.344;0.234899187;0.905548641;0.489103871;0.615572884
5926.272;0.234787545;0.905540266;0.486433082;0.610658352
5928.201;0.234681983;0.905517908;0.483681101;0.605900038
5930.129;0.234584721;0.90551149;0.480901261;0.601073328
5932.058;0.234494012;0.905492025;0.478110933;0.59648924
5933.987;0.234410899;0.905473452;0.475341156;0.592825772
5935.915;0.234335538;0.90545054;0.472632879;0.589945034
5937.844;0.234265753;0.905426799;0.47000035;0.58729124
5939.772;0.234203604;0.905402715;0.467424279;0.584357164
5941.701;0.234147246;0.905357734;0.464924989;0.581555493
5943.629;0.234098846;0.905330399;0.462505856;0.579392067
5945.558;0.234057968;0.905303333;0.460134382;0.577946377
5947.486;0.234022927;0.905258126;0.457826171;0.576522806
5949.415;0.233996292;0.905228477;0.455543008;0.574760667
5951.343;0.233975265;0.905197009;0.453281336;0.572873651
5953.271;0.233961612;0.905171239;0.451023776;0.571484045
5955.2;0.233954368;0.905109623;0.448764936;0.570558783
5957.128;0.233953024;0.90504112;0.446507248;0.569516201
5959.057;0.233959704;0.904984896;0.444253929;0.56790787
5960.985;0.233971915;0.904922639;0.442009309;0.566015734
5962.914;0.233991556;0.904873679;0.439798789;0.564493733
5964.843;0.234017448;0.904817529;0.437628042;0.563431884
5966.771;0.234049072;0.904768011;0.435484068;0.562362375
5968.7;0.234088659;0.904720373;0.433396756;0.560784905
5970.628;0.234133174;0.904659179;0.431344786;0.559058516
5972.557;0.234185216;0.904609781;0.429342198;0.557694462
5974.485;0.234243382;0.904563698;0.427397933;0.556958031
5976.414;0.234307114;0.904520884;0.425527835;0.556182946
5978.342;0.234378528;0.904485392;0.423743136;0.555031501
5980.271;0.234455069;0.904444565;0.422022105;0.553579842
5982.199;0.234538713;0.904406446;0.420362458;0.552611319
5984.127;0.234627943;0.904369694;0.418772064;0.552137649
5986.056;0.234722951;0.904356681;0.417246817;0.551791115
5987.984;0.234825567;0.904350214;0.415795967;0.550892507
5989.913;0.234932495;0.90433542;0.414434682;0.549782635
5991.842;0.235046692;0.904325144;0.413132986;0.548915344
5993.77;0.235166433;0.904321465;0.41190017;0.54865107
5995.699;0.235291857;0.904318065;0.410761211;0.548318954
5997.627;0.235424515;0.904306218;0.409711813;0.547520937
5999.556;0.235561682;0.90430517;0.408737447;0.546263358
6001.484;0.235706105;0.904311967;0.407827752;0.545332671
6003.413;0.235855862;0.904317652;0.407000226;0.544838435
6005.341;0.236011412;0.904330905;0.406234447;0.544465345
6007.27;0.236172666;0.904323573;0.405515192;0.543486056
6009.198;0.23633898;0.904309027;0.404837479;0.542166661
6011.126;0.236512704;0.904309661;0.40419288;0.541012922
6013.055;0.236691216;0.904309463;0.403605086;0.540499045
6014.983;0.236875954;0.904328523;0.403043483;0.540035649
6016.912;0.237066426;0.904332484;0.402496125;0.539153598
6018.84;0.237261594;0.904334996;0.401995535;0.537771991
6020.769;0.237464;0.904351488;0.401516326;0.536692959
6022.698;0.237670836;0.904358839;0.401073812;0.536153177
6024.626;0.237883627;0.904391149;0.40068737;0.535873766
6026.555;0.238101811;0.904407766;0.400319898;0.53508952
6028.483;0.23832476;0.904404459;0.39999913;0.533918587
6030.412;0.238554423;0.904420607;0.399752441;0.532898281
6032.34;0.238788537;0.904436204;0.399519539;0.532569689
6034.269;0.239029276;0.904454245;0.399343767;0.532471773
6036.197;0.239274775;0.904467271;0.399252974;0.532002503
6038.125;0.239525896;0.904490578;0.399183037;0.531021748
6040.054;0.239783693;0.904536455;0.399151199;0.530229053
6041.982;0.240045045;0.904570039;0.399159851;0.530051602
6043.911;0.24031279;0.904600043;0.399221794;0.530234011
6045.839;0.240585267;0.90462887;0.399338177;0.530014323
6047.768;0.240862649;0.904649839;0.399478242;0.529284956
6049.696;0.241146852;0.904682894;0.39963925;0.52862778
6051.625;0.241434836;0.904729687;0.39985153;0.528613777
6053.554;0.241729442;0.904765773;0.400101385;0.528958126
6055.482;0.242028646;0.904790724;0.400365004;0.528948755
6057.411;0.242332997;0.904825201;0.400657481;0.528353516
6059.339;0.242643371;0.904859846;0.40099276;0.527748224
6061.268;0.242957191;0.904883122;0.401365667;0.52772656
6063.196;0.243277917;0.904904123;0.401742154;0.528105429
6065.125;0.243602988;0.904925371;0.402161763;0.528164926
6067.053;0.243933376;0.9049535;0.402630693;0.527612695
6068.981;0.244269719;0.904986742;0.403103108;0.52698935
6070.91;0.244610181;0.905042986;0.403572095;0.526928803
6072.838;0.244957418;0.905106282;0.404072986;0.527340572
6074.767;0.245308103;0.905141877;0.404612169;0.527498855
6076.695;0.245664346;0.905187034;0.405145916;0.527056298
6078.624;0.246026437;0.90523638;0.40568271;0.526479365
6080.552;0.246392791;0.90527832;0.406222691;0.52645756
6082.481;0.246765478;0.905329218;0.406767744;0.526955071
6084.41;0.247141373;0.905374248;0.40731642;0.527285386
6086.338;0.247522975;0.905424591;0.407858203;0.527004648
6088.267;0.247910096;0.905459566;0.408398455;0.526527146
6090.195;0.248302131;0.905496917;0.408947312;0.526555417
6092.124;0.248700499;0.905549573;0.409505203;0.527149564
6094.052;0.24910205;0.905590096;0.410058104;0.527623745
6095.98;0.249509599;0.905641928;0.410590012;0.527493756
6097.909;0.249922264;0.90569545;0.411136584;0.527106756
6099.837;0.250339683;0.905750723;0.411694629;0.527173949
6101.766;0.250762743;0.90581045;0.412256514;0.527826848
6103.694;0.251189755;0.905853252;0.412822204;0.528424377
6105.623;0.251623226;0.905904741;0.413388734;0.528424361
6107.551;0.252061502;0.905965036;0.413971246;0.528098145
6109.48;0.252504735;0.906025979;0.414556625;0.528163797
6111.408;0.252954138;0.906083431;0.415139711;0.528816601
6113.337;0.253407011;0.906137446;0.415739644;0.529470102
6115.266;0.253865786;0.906206443;0.416361517;0.529538678
6117.194;0.254329566;0.906268126;0.416970011;0.52922468
6119.123;0.254798451;0.906319715;0.417590028;0.529246996
6121.051;0.255272841;0.906363131;0.418220064;0.529871112
6122.979;0.255751016;0.906405209;0.41883756;0.530553219
6124.908;0.256235952;0.906458166;0.419460089;0.53067207
6126.836;0.256725235;0.906510444;0.420099537;0.530370265
6128.765;0.257219955;0.906562742;0.420745052;0.530340536
6130.693;0.257720378;0.906614619;0.421406088;0.530929089
6132.622;0.258225238;0.906679374;0.422072794;0.531616156
6134.55;0.258737244;0.906759797;0.422755856;0.531776166
6136.479;0.259252869;0.9068295;0.423444142;0.531463461
6138.407;0.259773507;0.906901214;0.424119347;0.531393375
6140.336;0.260300327;0.906967393;0.42483787;0.531910158
6142.264;0.260831523;0.907035161;0.425556819;0.53260977
6144.193;0.261369271;0.90710827;0.426276531;0.532782547
6146.122;0.261911868;0.907188941;0.427023348;0.532482254
6148.05;0.262460483;0.907280395;0.427749315;0.532338636
6149.979;0.263014165;0.907356495;0.428466987;0.532830584
6151.907;0.263572543;0.907430134;0.429183847;0.533496618
6153.835;0.264137519;0.907503535;0.429919156;0.533731511
6155.764;0.264706257;0.907584849;0.430652127;0.533410155
6157.692;0.265282027;0.907679718;0.431353703;0.533259536
6159.621;0.265863207;0.907744813;0.43208585;0.533664296
6161.549;0.266449072;0.907803282;0.432806847;0.53437214
6163.478;0.267041858;0.907868605;0.433508816;0.534603364
6165.406;0.267639019;0.907931389;0.434227021;0.534343628
6167.335;0.268242841;0.908031699;0.434932487;0.534113185
6169.263;0.268851825;0.90811431;0.435655489;0.534531328
6171.192;0.269466457;0.908194652;0.436390456;0.535202972
6173.12;0.270088049;0.908281157;0.437112477;0.535526048
6175.049;0.270713817;0.908356166;0.437837426;0.5352351
6176.978;0.27134648;0.90844414;0.438561168;0.535026653
6178.906;0.271984361;0.908508425;0.439297977;0.535348212
6180.834;0.272628231;0.908586568;0.440040543;0.536081677
6182.763;0.273278724;0.908674784;0.440787525;0.536400994
6184.691;0.273934547;0.908742587;0.441563889;0.536186229
6186.62;0.274597921;0.90882364;0.442361314;0.535894231
6188.548;0.275265878;0.908903717;0.443156544;0.536224639
6190.477;0.275940138;0.908983469;0.443953611;0.53690215
6192.405;0.276621082;0.909066458;0.444756871;0.537303203
6194.334;0.277307665;0.909134858;0.445556015;0.537049037
6196.262;0.2780016;0.909206988;0.446359317;0.536768057
6198.191;0.278700025;0.909293596;0.447212723;0.536985441
6200.119;0.279406078;0.909381547;0.448089373;0.537676231
6202.048;0.28011901;0.909455238;0.448937974;0.538051504
6203.976;0.280836891;0.909525966;0.449799673;0.537841225
6205.905;0.281562704;0.909602798;0.450664412;0.537454226
6207.833;0.282293973;0.909682981;0.451545956;0.537632017
6209.762;0.283032553;0.909754835;0.452441868;0.538256053
6211.69;0.283778244;0.909816546;0.453330932;0.538689935
6213.619;0.284529835;0.909886601;0.454231464;0.538461604
6215.547;0.285289436;0.909958175;0.455165959;0.538061826
6217.476;0.28605432;0.91002796;0.456103729;0.53814018
6219.404;0.286827106;0.910103581;0.457005595;0.538771163
6221.333;0.287606745;0.910178268;0.457925835;0.539221211
6223.261;0.288392324;0.910251363;0.458888865;0.539067248
6225.19;0.289186587;0.910333629;0.459839456;0.538643651
6227.118;0.289986663;0.910415272;0.460782929;0.538705362
6229.047;0.290794518;0.910491344;0.461730303;0.539324834
6230.975;0.29160924;0.910566153;0.462666375;0.539864921
6232.904;0.292430702;0.910648316;0.463620366;0.539774327
6234.832;0.293260762;0.910728594;0.464585836;0.539379873
6236.761;0.294097392;0.91079919;0.465558886;0.539413733
6238.689;0.294942227;0.910876466;0.466522491;0.540057804
6240.618;0.295793928;0.910940175;0.467462708;0.540671788
6242.546;0.296653632;0.911012816;0.468418307;0.540689041
6244.475;0.297521337;0.911083597;0.469374715;0.540338681
6246.403;0.298395903;0.911140935;0.470333645;0.540365749
6248.332;0.299279567;0.911212582;0.471293596;0.541016763
6250.26;0.300170595;0.91128032;0.472253322;0.541713176
6252.189;0.301069595;0.91136006;0.47321439;0.541824747
6254.117;0.301976366;0.911431493;0.474160494;0.541519219
6256.046;0.302890659;0.911495123;0.47510954;0.541532321
6257.974;0.303814161;0.911570133;0.476058646;0.542189158
6259.903;0.304745038;0.911624043;0.476999146;0.542964638
6261.831;0.305685104;0.911697103;0.477943592;0.543187497
6263.76;0.30663354;0.911776116;0.478887529;0.542938653
6265.688;0.307589;0.911845082;0.479831784;0.542938986
6267.617;0.308554272;0.91192395;0.480787523;0.543594182
6269.545;0.309527338;0.911987467;0.481727718;0.544426373
6271.474;0.310510594;0.912057354;0.482644996;0.544749274
6273.402;0.311502591;0.912120093;0.483577121;0.544566663
6275.331;0.312502366;0.912173751;0.484526925;0.544577885
6277.259;0.313512404;0.912234698;0.485468679;0.545224548
6279.188;0.314530077;0.912294938;0.48638842;0.546118418
6281.116;0.315557321;0.912367742;0.487285199;0.546548235
6283.045;0.316593965;0.912421617;0.488211544;0.546438649
6284.973;0.317639257;0.91248073;0.489125159;0.546454965
6286.902;0.318694906;0.912544315;0.490017593;0.547086265
6288.83;0.319759887;0.912588152;0.490911678;0.548020047
6290.759;0.320834698;0.912645309;0.491809734;0.548532595
6292.687;0.321918667;0.912694338;0.492740835;0.548498825
6294.616;0.323013098;0.912748658;0.493652249;0.548504378
6296.544;0.324117847;0.912811138;0.494537483;0.549124009
6298.473;0.325230587;0.912875192;0.495431353;0.550067913
6300.401;0.326355277;0.912930287;0.496325721;0.55066638
6302.33;0.327489451;0.912979559;0.49721284;0.550674758
6304.258;0.328633787;0.91303918;0.498105135;0.550683276
6306.187;0.329789562;0.913085323;0.499005216;0.551270064
6308.115;0.330954296;0.913130849;0.499915393;0.552227689
6310.043;0.332131059;0.913195054;0.500791822;0.552886564
6311.972;0.333317917;0.913257958;0.501662716;0.552948546
6313.901;0.334515965;0.913321839;0.502555436;0.552975457
6315.829;0.3357251;0.913387278;0.503449423;0.553504312
6317.758;0.336944159;0.913460084;0.504336861;0.554483044
6319.686;0.338175923;0.913531991;0.505231775;0.555146318
6321.615;0.339417901;0.913583496;0.506115264;0.555296891
6323.543;0.340671672;0.913647803;0.506969272;0.555275768
6325.472;0.341935991;0.913710396;0.507826408;0.555819234
6327.4;0.343211461;0.913766748;0.508691156;0.556718607
6329.329;0.344501005;0.913826241;0.509566026;0.557471518
6331.257;0.345801848;0.913878018;0.510430196;0.557590758
6333.186;0.347114959;0.913943481;0.511273523;0.557627154
6335.114;0.348439227;0.914016523;0.512077814;0.55806185
6337.042;0.349774825;0.914079282;0.512873899;0.559003523
6338.971;0.351124596;0.914147787;0.513696653;0.559700424
6340.899;0.35248487;0.914224658;0.514499238;0.559894481
6342.828;0.35385849;0.91430329;0.515273813;0.55984994
6344.757;0.355244699;0.914370609;0.516030037;0.560289216
6346.685;0.356641478;0.91443908;0.516776547;0.56114111
6348.614;0.358053397;0.914522833;0.51750741;0.561892323
6350.542;0.359478611;0.914592333;0.518194869;0.562039537
6352.471;0.36091799;0.914672018;0.518860637;0.562005374
6354.399;0.362369143;0.914747339;0.519524541;0.562324673
6356.328;0.363833001;0.914814702;0.52015918;0.563161336
6358.256;0.365312068;0.914884375;0.520770683;0.563824578
6360.185;0.366802472;0.914935127;0.521355695;0.56398384
6362.113;0.368307705;0.914997819;0.521913108;0.563824648
6364.042;0.369827123;0.915069572;0.522455243;0.564114498
6365.97;0.371360006;0.915145834;0.522967818;0.56480577
6367.898;0.372906702;0.91521793;0.523473683;0.565489213
6369.827;0.374466531;0.915283795;0.523959477;0.565532383
6371.755;0.376041464;0.915358418;0.524429619;0.565373495
6373.684;0.377628453;0.915428062;0.524892799;0.565479263
6375.613;0.379230783;0.915508421;0.525325036;0.566170565
6377.541;0.380850257;0.91559617;0.525755397;0.566720391
6379.47;0.382482533;0.915677432;0.526190135;0.566806272
6381.398;0.384128983;0.915747113;0.52663085;0.566486383
6383.327;0.385790363;0.915810033;0.527102998;0.566568245
6385.255;0.387466353;0.915883774;0.52757585;0.567105401
6387.184;0.389157767;0.915949031;0.528024438;0.567680038
6389.112;0.390863349;0.916025559;0.528502829;0.567658013
6391.041;0.392584527;0.916083752;0.52901985;0.567317303
6392.969;0.394322133;0.916119622;0.529558705;0.567265185
6394.897;0.396074122;0.916173615;0.530133365;0.567789517
6396.826;0.397839234;0.916220299;0.530709091;0.568342098
6398.754;0.39961998;0.916254954;0.531312415;0.568349116
6400.683;0.401417879;0.916281988;0.531986994;0.567979355
6402.611;0.403230835;0.916310892;0.532665839;0.567866156
6404.54;0.405059129;0.916342502;0.533369027;0.568375115
6406.469;0.406903323;0.916363112;0.534149191;0.568932215
6408.397;0.408762396;0.916381526;0.534959573;0.568996379
6410.326;0.410637465;0.916371282;0.535802811;0.568579902
6412.254;0.412526594;0.916341965;0.536682824;0.56846827
6414.183;0.414433223;0.916345447;0.537585676;0.568911324
6416.111;0.416355209;0.916322191;0.538536923;0.569533834
6418.04;0.418291672;0.916284231;0.539548417;0.56957136
6419.968;0.420244679;0.916257659;0.540605315;0.569168446
6421.896;0.422212362;0.916188615;0.541685394;0.568913356
6423.825;0.424196215;0.916105097;0.542800018;0.569330649
6425.753;0.426192246;0.91600635;0.543969738;0.569901279
6427.682;0.42820732;0.91589723;0.545175618;0.570022087
6429.61;0.430239657;0.915782423;0.546401286;0.569564777
6431.539;0.432280916;0.915644171;0.547670387;0.569293013
6433.467;0.434336839;0.915502518;0.548980954;0.569619457
6435.396;0.4364108;0.915342509;0.55031729;0.570251619
6437.325;0.438500934;0.915166871;0.551684964;0.570381248
6439.253;0.440603335;0.914988939;0.553094536;0.569976823
6441.182;0.442717876;0.914804955;0.554525106;0.56961633
6443.11;0.444849177;0.914587278;0.555964548;0.569947175
6445.039;0.446992984;0.914342655;0.557430422;0.57058633
6446.967;0.449147844;0.914086102;0.558933623;0.570866538
6448.896;0.451316183;0.913806715;0.560450671;0.570500563
6450.824;0.453495785;0.913514605;0.561978101;0.570182154
6452.752;0.455690123;0.913190364;0.563521047;0.570462057
6454.681;0.457894729;0.912843731;0.565050606;0.571200125
6456.609;0.460107823;0.912507991;0.56660637;0.571570923
6458.538;0.46233565;0.912140585;0.568190086;0.571356994
6460.466;0.464570436;0.911727444;0.569757225;0.571053976
6462.395;0.466811746;0.911302084;0.571327552;0.571416854
6464.323;0.469068023;0.910863008;0.572915657;0.572246886
6466.252;0.47133449;0.910400163;0.574500056;0.572852065
6468.181;0.473601591;0.909922051;0.576090234;0.572802622
6470.109;0.475872852;0.909442021;0.577676875;0.572645897
6472.038;0.478155044;0.908940592;0.579269487;0.573041788
6473.966;0.480439744;0.908410043;0.580862406;0.574025263
6475.895;0.482728823;0.90787285;0.582439628;0.574799141
6477.823;0.485026898;0.907326428;0.584002941;0.574924393
6479.751;0.487326524;0.90674307;0.585573853;0.574771491
6481.68;0.489622937;0.906138831;0.587159417;0.575120932
6483.608;0.491916537;0.90554335;0.588732346;0.575998553
6485.537;0.494217784;0.904937313;0.59028646;0.576753438
6487.465;0.496513632;0.904290839;0.591852614;0.576833833
6489.394;0.498803175;0.903656356;0.593426566;0.576602874
6491.322;0.501091437;0.903021286;0.594962851;0.576793998
6493.251;0.50336889;0.902380652;0.59649363;0.577598714
6495.18;0.505648961;0.901765118;0.59805702;0.578368185
6497.108;0.507915469;0.901114767;0.599633578;0.578528543
6499.037;0.510171273;0.900457504;0.601150312;0.578314276
